Year,Movie,Mood
2000,Aaj Ka Ravan,drama
2000,Anjaane,romance
2000,Anokha Moti,family
2000,Apradhi Kaun,thriller
2000,Astitva,social drama
2000,Baaghi,action
2000,Badal,action drama
2000,Bas Yaari Rakho,drama comedy
2000,Bawandar,drama
2000,Beti No.1,comedy
2000,Bhai Thakur,action
2000,Bichhoo,action
2000,Billa No. 786,action
2000,Bulandi,drama
2000,Chal Mere Bhai,comedy
2000,Champion,action drama
2000,Cover Story,action drama
2000,Dahshat,horror
2000,Deewane,action romance
2000,Dhaai Akshar Prem Ke,drama romance
2000,Dhadkan,drama romance
2000,Dil Hi Dil Mein,romance
2000,Dil Ki Dhadkan,unknown
2000,Dil Pe Mat Le Yaar,drama
2000,Dr. Babasaheb Ambedkar,unknown
2000,Dr Mukta,unknown
2000,Dulhan Hum Le Jayenge,romance comedy
2000,Fiza,family drama thriller
2000,Gaja Gamini,drama
2000,Gang,crime
2000,Ghaath,drama
2000,Hadh Kar Di Aapne,romance comedy
2000,Hamara Dil Aapke Paas Hai,drama
2000,Har Dil Jo Pyar Karega,romance drama comedy
2000,Hari-Bhari,unknown
2000,Hera Pheri,comedy
2000,Hey Ram,drama
2000,Hum To Mohabbat Karega,action romance
2000,Jallad No. 1,drama
2000,Jis Desh Mein Ganga Rehta Hain,drama
2000,Joru Ka Ghulam,drama
2000,Josh,action romance
2000,Jung,drama
2000,Jungle,romance
2000,Kabrastan,horror
2000,Kahin Pyaar Na Ho Jaaye,romance comedy
2000,Kaho Naa... Pyaar Hai,musical drama romance
2000,Kairee,drama
2000,Karobaar: The Business of Love,drama
2000,Kharidaar,unknown
2000,Khauff,drama
2000,Khiladi 420,action romance
2000,Krodh,action
2000,Kunwara,comedy
2000,Kurukshetra,action romance
2000,Kya Kehna,drama romance
2000,Le Chal Apne Sang,romance
2000,Lekroo,unknown
2000,Mela,drama
2000,Meri Jung Ka Elaan,drama
2000,Mission Kashmir,drama war thriller
2000,Mohabbatein,family musical drama romance
2000,Nidaan,drama
2000,Officer,unknown
2000,Papa the Great,family
2000,Phir Bhi Dil Hai Hindustani,romance musical drama comedy
2000,The Prince of Light,unknown
2000,Pukar,drama
2000,Raja Ko Rani Se Pyar Ho Gaya,musical comedy
2000,Raju Chacha,comedy
2000,Refugee,drama romance
2000,The Revenge: Geeta Mera Naam,unknown
2000,Saanjh,unknown
2000,Sanam Tere Hain Hum,romance
2000,Second Generation,unknown
2000,Shaheed Udham Singh,drama
2000,Shikaar,unknown
2000,Shikari,action romance thriller
2000,Snip!,unknown
2000,Split Wide Open,unknown
2000,Sultaan,unknown
2000,Tapish,unknown
2000,Tarkieb,suspense thriller
2000,Tera Jadoo Chal Gayaa,romance
2000,Tere Liye,unknown
2000,Tune Mera Dil Le Liyaa,unknown
2000,Zindagi Zindabad,unknown
2001,Abhay,thriller
2001,Aamdani Atthani Kharcha Rupaiyaa,family drama
2001,Aashiq,action comedy
2001,Afsana Dilwalon Ka,romance
2001,Ajnabee,crime suspense thriller
2001,Aks,horror thriller
2001,Albela,romance
2001,Asoka,history
2001,Avgat,drama
2001,Ayurveda: Art of Being,unknown
2001,Bas Itna Sa Khwaab Hai,social drama romance
2001,Bengal Tiger,action
2001,Bhago Boot,unknown
2001,Bhairav,unknown
2001,Bollywood Bound,unknown
2001,Bombay Eunuch,unknown
2001,Bombay Girls,unknown
2001,Censor,unknown
2001,Chandni Bar,drama
2001,Chhupa Rustam: A Musical Thriller,thriller
2001,Choo Lenge Akash,drama
2001,Chori Chori Chupke Chupke,musical drama romance social
2001,Daman: A Victim of Marital Violence,drama
2001,Dattak,unknown
2001,Daughters of This Century,unknown
2001,Deewaanapan,drama romance
2001,Devi Durga Shakti,unknown
2001,Dil Chahta Hai,romance musical drama comedy
2001,Dil Ne Phir Yaad Kiya,romance
2001,Divya Drishti,unknown
2001,Ehsaas: The Feeling,drama
2001,Ek Rishtaa: The Bond of Love,family drama
2001,Farz,action romance
2001,Gadar: Ek Prem Katha,action romance drama war
2001,Grahan,romance
2001,Gumnam Qatil,unknown
2001,Guru Mahaaguru,unknown
2001,Hadh: Life on the Edge of Death,unknown
2001,Hello Girls,unknown
2001,Hum Deewane Pyar Ke,unknown
2001,Hum Ho Gaye Aapke,romance
2001,Husn Ke Lootere,unknown
2001,Indian,action
2001,Inteqam,unknown
2001,Ittefaq,action drama thriller
2001,Jang Aur Aman,unknown
2001,Jeetenge Hum,unknown
2001,Jodi No.1,comedy
2001,Kabhi Khushi Kabhie Gham...,family drama romance
2001,Kasam,action
2001,Kasoor,thriller
2001,Kuch Khatti Kuch Meethi,drama comedy
2001,Kyo Kii Main Jhuth Nahin Bolta,romance comedy
2001,Lagaan: Once Upon a Time in India,musical drama social
2001,Lagi Shaarth,unknown
2001,Lajja,crime musical drama romance
2001,Love Ke Liye Kuchh Bhi Karega,comedy
2001,Master,unknown
2001,Maya,unknown
2001,Mitti,unknown
2001,Moksha: Salvation,drama
2001,Mujhe Kucch Kehna Hai,comedy
2001,Mujhe Meri Biwi Se Bachaao,family comedy
2001,Nayak: The Real Hero,drama
2001,Officer,action
2001,One 2 Ka 4,action romance
2001,Paagalpan,romance
2001,Pyaar Ishq Aur Mohabbat,romance
2001,Pyaar Tune Kya Kiya,drama romance thriller
2001,Pyaar Zindagi Hai,unknown
2001,Rahul,drama
2001,Rehnaa Hai Terre Dil Mein,romance
2001,Shaadicom,unknown
2001,Shere Punjab,unknown
2001,Shirdi Sai Baba,unknown
2001,Style,romance
2001,Tamboo Mein Bamoo,unknown
2001,Tera Mera Saath Rahen,drama
2001,Tum Bin - Love Will Find a Way,romance
2001,Uljhan,unknown
2001,Valon Ja Varjon Huoneet,unknown
2001,Veer Savarkar,unknown
2001,The Warrior,unknown
2001,Yaadein,drama romance
2001,Yeh Raaste Hain Pyaar Ke,drama
2001,Yeh Teraa Ghar Yeh Meraa Ghar,drama
2001,Yeh Zindagi Ka Safar,unknown
2001,Zubeidaa,drama
2002,16-12-2018 00:00,action
2002,23rd March 1931: Shaheed,historical drama
2002,Aakhri Inteqam,unknown
2002,Aankhen,action thriller
2002,Aap Mujhe Achche Lagne Lage,drama romance
2002,Ab Ke Baras,drama romance
2002,Agni Varsha,historical
2002,Amma,unknown
2002,Angaar: The Fire,unknown
2002,Anita and Me,drama comedy
2002,Akhiyon Se Goli Maare,comedy
2002,Annarth,action thriller
2002,Ansh: The Deadly Part,action thriller
2002,Awara Paagal Deewana,action comedy
2002,Be-Lagaam,action
2002,Badhaai Ho Badhaai,drama comedy
2002,Bharat Bhagya Vidhata,unknown
2002,Bheeru No,unknown
2002,Bollywood Queen,unknown
2002,Bomb the System,unknown
2002,Chalo Ishq Ladaaye,comedy
2002,Chhal,unknown
2002,Chor Machaaye Shor,crime romance comedy
2002,Company,crime drama
2002,Danger,unknown
2002,Darwaza,unknown
2002,Deewangee,thriller
2002,Desh Devi,unknown
2002,Devdas,musical drama romance historical
2002,Dil Hai Tumhaara,drama family romance
2002,Dil Vil Pyar Vyar,drama romance
2002,Durga: It's Not Just a Love Story,unknown
2002,Ek Aur Visphot,unknown
2002,Ek Chotisi Love Story,erotic
2002,Encounter: The Killing,unknown
2002,Filhaal,drama
2002,Gangobai,unknown
2002,Ghaav: The Wound,unknown
2002,Gunaah,romance thriller
2002,Haan Maine Bhi Pyaar Kiya,drama romance
2002,Haathi Ka Anda,unknown
2002,Hathyar,drama
2002,Hum Hain Pyaar Mein,unknown
2002,Hum Kisise Kum Nahin,action comedy
2002,Hum Pyar Tumhi Se Kar Baithe,romance
2002,Hum Tumhare Hain Sanam,drama romance
2002,Humraaz,musical romance thriller
2002,Inth Ka Jawab Patthar,unknown
2002,Jaani Dushman: Ek Anokhi Kahani,fantasy
2002,Jackpot Do Karode,unknown
2002,Jeena Sirf Merre Liye,romance
2002,Junoon,unknown
2002,Kaaboo,action
2002,Kaante,action thriller
2002,Kabhie Tum Kabhie Hum,unknown
2002,Kali Salwaar,unknown
2002,Karz: The Burden of Truth,action thriller
2002,Kehtaa Hai Dil Baar Baar,unknown
2002,Khalnayakon Ka Khalnayak,unknown
2002,Kitne Door Kitne Paas,comedy drama romance
2002,Koi Mere Dil Se Poochhe,social drama romance
2002,Kranti,unknown
2002,Kuch Tum Kaho Kuch Hum Kahein,romance
2002,Kya Yehi Pyaar Hai,unknown
2002,Kyaa Dil Ne Kahaa,romance
2002,Kuch Dil Ne Kaha,romance
2002,Lal Salaam,unknown
2002,The Legend of Bhagat Singh,historical drama
2002,Leitin að Rejeev,unknown
2002,Maa Tujhhe Salaam,drama
2002,Mahima Kaali Maa Ki,unknown
2002,Maine Dil Tujhko Diya,action romance
2002,Makdee,unknown
2002,Maseeha,action
2002,Mere Yaar Ki Shaadi Hai,romance
2002,Mitr  My Friend,drama
2002,Mujhse Dosti Karoge!,comedy musical drama romance
2002,Mulaqaat,unknown
2002,Na Tum Jaano Na Hum,drama romance
2002,Namaste: Say Hello to Love,unknown
2002,Nishad,unknown
2002,Om Jai Jagadish,social family drama
2002,Pitaah,unknown
2002,Pratha,unknown
2002,Pyaar Diwana Hota Hai,romance
2002,Pyaar Ki Dhun,unknown
2002,Pyaasa,crime action
2002,Raaz,musical horror romance thriller
2002,Rishtey,family drama
2002,Road,thriller
2002,Saathiya,social drama romance musical
2002,Shaheed-E-Azam,historical drama
2002,Shakti - The Power,drama
2002,Shararat,drama comedy
2002,Soch,unknown
2002,Sur: The Melody of Life,musical
2002,Swaraaj,unknown
2002,Tere Pyaar Ki Kasam,unknown
2002,Truth Yathharth  The,unknown
2002,Tum Jiyo Hazaron Saal,unknown
2002,Tumko Na Bhool Paayenge,drama
2002,Tumse Achcha Kaun Hai,unknown
2002,Vadh,unknown
2002,Waah! Tera Kya Kehna,unknown
2002,Yeh Dil Aashiqanaa,unknown
2002,Yeh Hai Jalwa,comedy
2002,Yeh Kaisi Mohabbat,unknown
2002,Yeh Kya Ho Raha Hai?,romance comedy
2002,Yeh Mohabbat Hai,unknown
2002,Zindagi Khoobsoorat Hai,unknown
2003,3 Deewarein,drama
2003,88 Antop Hill,thriller
2003,Aaj Ka Andha Kanoon,unknown
2003,Aanch,unknown
2003,Aapko Pehle Bhi Kahin Dekha Hai,romance
2003,Aisaa Kyon,unknown
2003,Aman Ke Farishtey,unknown
2003,Andaaz,romance
2003,Armaan,family drama
2003,Baaja,unknown
2003,Baap Ka Baap,unknown
2003,Baaz: A Bird in Danger,thriller
2003,Baghban,family drama
2003,Bas Yun Hi,drama
2003,Basti,action
2003,Bhoot,horror
2003,Boom,thriller
2003,Butterfly,unknown
2003,The Bypass,unknown
2003,Calcutta Mail,drama
2003,Chalte Chalte,comedy musical drama romance
2003,Chokher Bali,drama
2003,Chori Chori,romance
2003,Chota Jadugar,unknown
2003,Chupke Se,unknown
2003,Chura Liyaa Hai Tumne,romance action drama thriller
2003,Dabdaba,unknown
2003,Danav,unknown
2003,Darna Mana Hai,horror thriller
2003,Dhoop,unknown
2003,Dhund: The Fog,unknown
2003,Dil Ka Rishta,drama romance
2003,Dil Pardesi Ho Gayaa,romance
2003,Dum,romance action drama
2003,Ek Alag Mausam,unknown
2003,Ek Aur Ek Gyarah,comedy
2003,Ek Din 24 Ghante,unknown
2003,Escape from Taliban,drama
2003,Final Solution,unknown
2003,Footpath,drama
2003,Fun 2shh: Dudes in the 10th Century,unknown
2003,Gangaajal,social drama
2003,Ganges: River to Heaven,unknown
2003,Haasil,drama
2003,Hawa,horror
2003,Hawayein,unknown
2003,The Hero: Love Story of a Spy,action drama thriller
2003,Humein Tumse Pyar Ho Gaya Chupke Chupke,unknown
2003,Hungama,comedy
2003,Indian Babu,unknown
2003,Inteha,drama thriller
2003,Ishq Vishk,romance
2003,Jaal: The Trap,action romance
2003,Jajantaram Mamantaram,unknown
2003,Janasheen,thriller
2003,Jhankaar Beats,musical drama
2003,Jism,drama romance thriller
2003,Jodi Kya Banayi Wah Wah Ramji,unknown
2003,Joggers Park,unknown
2003,Kaash... Hamara Dil Pagal Na Hota,unknown
2003,Kagaar: Life on the Edge,unknown
2003,Kahan Ho Tum,unknown
2003,Kaise Kahoon Ke... Pyaar Hai,unknown
2003,Kal Ho Naa Ho,social family comedy musical romance drama
2003,Kash Aap Hamare Hote,romance
2003,Kaya Poochhe Maya Se,unknown
2003,Khanjar: The Knife,action
2003,Khel,thriller
2003,Khushi,romance
2003,Khwahish,drama
2003,Koi... Mil Gaya,fantasy musical romance
2003,Kucch To Hai,thriller
2003,Kuch Naa Kaho,musical drama romance
2003,Kyon?,unknown
2003,Larger Than Life,unknown
2003,LOC Kargil,historical drama war
2003,Love at Times Square,unknown
2003,Maa Santoshi Maa,unknown
2003,Main Madhuri Dixit Banna Chahti Hoon,comedy
2003,Main Prem Ki Diwani Hoon,comedy drama romance
2003,Market,unknown
2003,Matrubhoomi: A Nation Without Women,drama
2003,Miss India: The Mystery,unknown
2003,Mudda: The Issue,unknown
2003,Mumbai Matinee,unknown
2003,Mumbai Se Aaya Mera Dost,drama
2003,Munna Bhai M.B.B.S.,social comedy musical
2003,Naag Lok,unknown
2003,Nayee Padosan,unknown
2003,October,unknown
2003,Om,unknown
2003,Oops!,unknown
2003,Out of Control,romance comedy
2003,Paanch,unknown
2003,Parwana,action drama thriller
2003,Patth,unknown
2003,Pehli Nazar Ka Pehla Pyaar: Love at First Sight,unknown
2003,Pinjar,social drama
2003,The Pink Mirror,unknown
2003,Pran Jaye Par Shaan Na Jaye,comedy
2003,Qayamat: City Under Threat,thriller
2003,Raghu More: Bachelor of Hearts,unknown
2003,Raghu Romeo,unknown
2003,Raja Bhaiya,unknown
2003,Rasikan Re,unknown
2003,Right Here  Right Now,unknown
2003,Rules: Pyaar Ka Superhit Formula,unknown
2003,Saaya,drama
2003,Sala Bandar!,unknown
2003,Samay: When Time Strikes,thriller
2003,Sanatta: The Silence,unknown
2003,Sandhya,unknown
2003,Satta,social drama
2003,Satyaghath: Crime Never Pays,unknown
2003,Shanti,unknown
2003,Sssshhh...,unknown
2003,Stumped,unknown
2003,Supari,unknown
2003,Surya,unknown
2003,Tada,unknown
2003,Taj Mahal: A Monument of Love,unknown
2003,Talaash: The Hunt Begins...,thriller
2003,Tareekh,unknown
2003,Tehzeeb,unknown
2003,Tere Naam,drama romance
2003,Tu Bal Bramhachari Main Hoon Kanya Kunwari,unknown
2003,Tujhe Meri Kasam,romance
2003,Tumse Milke Wrong Number,unknown
2003,Valentine Days,unknown
2003,Waisa Bhi Hota Hai Part II,unknown
2003,Where's the Party Yaar?,unknown
2003,Xcuse Me,comedy
2003,Yeh Dil,unknown
2003,Zameen,thriller
2004,99.9 FM,drama comedy
2004,Aabra Ka Daabra,fantasy
2004,Aan: Men at Work,action
2004,Ab Bas,adult
2004,Ab Tumhare Hawale Watan Saathiyo,drama war
2004,Aetbaar,thriller
2004,Agnipankh,unknown
2004,Aitraaz,drama romance thriller
2004,Asambhav,mystery thriller
2004,Banana Brothers,comedy
2004,Black Friday,crime fiction drama historical
2004,Bardaasht,action drama thriller
2004,Chameli,drama
2004,Chand Bujh Gaya,romance
2004,Charas: A Joint Operation,action
2004,Deewaar,drama
2004,Dev,drama
2004,Dhoom,action thriller
2004,Dil Bechara Pyaar Ka Maara,comedy
2004,Dil Maange More,comedy romance
2004,Dil Ne Jise Apna Kahaa,drama romance
2004,Dobara,drama
2004,Dukaan,adult romance
2004,Ek Se Badhkar Ek,comedy
2004,Ek Hasina Thi,drama thriller
2004,Fida,drama romance thriller
2004,Flavours,drama
2004,Garv: Pride and Honour,drama
2004,Gayab,fantasy thriller
2004,Girlfriend,drama romance
2004,Green Card Fever,drama
2004,Hava Aney Dey,drama
2004,Hawas,erotic romance
2004,Hulchul,family romance drama comedy
2004,Hum Tum,romance musical drama comedy
2004,Hyderabad Blues 2,drama
2004,I - Proud To Be An Indian,action
2004,Insaaf: The Justice,action
2004,Inteqam: The Perfect Game,action
2004,Ishq Hai Tumse,drama
2004,Julie,adult drama
2004,Kaun Hai Jo Sapno Mein Aaya,romance
2004,Kaya Taran,drama
2004,Khakee,action thriller
2004,Khamosh Pani,drama
2004,King of Bollywood,comedy
2004,Kis Kis Ki Kismat,comedy
2004,Kismat,thriller
2004,Kiss Kis Ko,adult comedy
2004,Krishna Cottage,thriller
2004,Kyun...! Ho Gaya Na,comedy drama romance
2004,Lakeer - Forbidden Lines,romance action drama
2004,Lakshya,action romance drama war
2004,Let's Enjoy,adult thriller
2004,Madhoshi,drama romance thriller
2004,Main Hoon Na,comedy musical action drama
2004,Maqbool,mystery drama
2004,Masti,comedy
2004,Meenaxi: A Tale of Three Cities,musical drama romance
2004,Meri Biwi Ka Jawab Nahin,romance action comedy
2004,Mughal-e-Azam (Colorized Version),drama
2004,Mujhse Shaadi Karogi,romance musical comedy
2004,Murder,romance thriller
2004,Musafir,thriller
2004,Muskaan,drama romance
2004,Naach,drama
2004,Nothing But Life,drama
2004,Paap,drama
2004,Paisa Vasool,black comedy
2004,Phir Milenge,social drama
2004,Plan,action
2004,Police Force: An Inside Story,action
2004,Popcorn Khao! Mast Ho Jao,unknown
2004,Raincoat,drama
2004,Rakht: What If You Can See the Future,horror
2004,Rok Sako To Rok Lo,sport comedy
2004,Rudraksh,thriller
2004,Run,romance action drama
2004,Shaadi Ka Laddoo,comedy
2004,Shart: The Challenge,action drama
2004,Sheen,romance
2004,Shikhaar,drama
2004,Shukriya: Till Death Do Us Apart,drama
2004,Silence Please...The Dressing Room,thriller
2004,Socha Na Tha,comedy romance
2004,Stop !,drama romance
2004,Suno Sasurjee,comedy romantic
2004,Swades,social drama
2004,Taarzan: The Wonder Car,fantasy thriller
2004,Thoda Tum Badlo Thoda Hum,romance
2004,Tumsa Nahin Dekha,romance
2004,Uff Kya Jaadoo Mohabbat Hai,romance
2004,Vaastu Shastra,horror
2004,Veer-Zaara,family musical drama romance
2004,Wajaah - A Reason to Kill,thriller
2004,Where's the Party Yaar?,comedy
2004,Woh,thriller
2004,Yeh Lamhe Judaai Ek,drama
2004,Yehi Hai Zindagi,drama
2004,Yuva,action drama
2004,Zameer,action drama
2005,7½ Phere,comedy
2005,99.9 FM (film),crime thriller
2005,Aashiq Banaya Aapne,drama romance
2005,American Daylight,romance drama comedy
2005,Anjaane,thriller
2005,Antarmahal,drama romance
2005,Apaharan,drama
2005,Aparichit,psychological thriller
2005,Bachke Rehna Re Baba,comedy
2005,Bad Friend,thriller
2005,Barsaat,family drama romance
2005,Bewafaa,drama romance
2005,Bhaggmati,romance
2005,Bhola In Bollywood,comedy
2005,Black,social drama
2005,Black Friday,drama
2005,Blackmail,drama thriller
2005,Bluffmaster!,comedy
2005,Brides Wanted,comedy
2005,Bullet: Ek Dhamaka,action
2005,Bunty Aur Babli,crime romance musical comedy
2005,Chaahat – Ek Nasha,romance
2005,Chand Sa Roshan Chehra,romance
2005,Chausar,unknown
2005,Chehraa,thriller
2005,Chetna,erotic drama
2005,Chocolate,suspense action thriller
2005,Chor Mandi,comedy
2005,Classic - Dance Of Love,erotic thriller
2005,D,crime drama
2005,Dansh,drama
2005,Deewane Huye Paagal,comedy romantic
2005,Dil Jo Bhi Kahey...,family drama
2005,Dosti: Friends Forever,drama romance
2005,Double Cross - Ek Dhoka,unknown
2005,Dreams,unknown
2005,Dus,action thriller
2005,Ek Ajnabee,thriller
2005,Ek Khiladi Ek Haseena,thriller
2005,Elaan,action drama
2005,Naam Gum Jaayega,romance
2005,Fareb,thriller
2005,Fun – Can Be Dangerous Sometimes,erotic drama
2005,Garam Masala,comedy
2005,Hanuman,unknown
2005,Hazaaron Khwaishein Aisi,drama
2005,Home Delivery,comedy
2005,Hum Dum,romance
2005,Insan,action thriller
2005,Iqbal,sport social drama
2005,Jaane Hoga Kya,suspense thriller
2005,Jackpot,crime erotic
2005,Jai Chiranjeeva,drama
2005,Jalwa - Fun in Love,erotic romance
2005,James,action
2005,Jo Bole So Nihaal,action comedy
2005,Jurm,thriller
2005,Kaal,horror thriller
2005,Kalyug,drama
2005,Karam,thriller
2005,Kasak,unknown
2005,Khamoshh... Khauff Ki Raat,thriller
2005,Kisna: The Warrior Poet,historical drama
2005,Koi Aap Sa,drama romance
2005,Koi Mere Dil Mein Hai,unknown
2005,Kuchh Meetha Ho Jaye,romance drama comedy
2005,Kyaa Kool Hai Hum,comedy
2005,Kyon Ki,drama romance
2005,Lucky: No Time for Love,musical romance
2005,Main Aisa Hi Hoon,drama
2005,Main  Meri Patni Aur Woh,unknown
2005,Maine Gandhi Ko Nahin Mara,social drama
2005,Maine Pyaar Kyun Kiya?,comedy
2005,Mangal Pandey: The Rising,historical drama
2005,Mashooka,erotic thriller
2005,Mazaa Mazaa,unknown
2005,Men Not Allowed,romance
2005,Mohabbat Ho Gayi Hai Tumse,unknown
2005,Morning Raga,unknown
2005,Mr Ya Miss,comedy
2005,Mr. Prime Minister,drama
2005,Mumbai Xpress,unknown
2005,Mumbai Godfather,drama
2005,My Brother… Nikhil,social drama
2005,My Wife's Murder,drama thriller
2005,Naina,horror thriller
2005,Neal 'n' Nikki,romance comedy
2005,Netaji Subhas Chandra Bose: The Forgotten Hero,unknown
2005,Nigehbaan,unknown
2005,No Entry,comedy
2005,Padmashree Laloo Prasad Yadav,comedy
2005,Page 3,social drama
2005,Pehchaan: The Face of Truth,drama
2005,Paheli,fantasy musical romance
2005,Parineeta,drama
2005,Pyaar Mein Twist,drama romance
2005,Rahul's Arranged Marriage,comedy
2005,Ramji Londonwale,unknown
2005,Revati,unknown
2005,Rog,drama thriller
2005,Rog,drama thriller
2005,Saathi: The Companion,unknown
2005,Salaam Namaste,comedy social drama romance
2005,Sarkar,crime drama
2005,Sauda - The Deal,unknown
2005,Sehar,unknown
2005,Shaadi No. 1,romance comedy
2005,Shabd,drama
2005,Shabnam Mausi,unknown
2005,Sheesha,unknown
2005,Silsiilay,romance
2005,Sitam,unknown
2005,Ssukh,unknown
2005,Taj Mahal: An Eternal Love Story,epic romance history
2005,Tango Charlie,drama war
2005,Tezaab,erotic
2005,Time Pass,unknown
2005,Topless,unknown
2005,U  Bomsi n Me,unknown
2005,Vaada,thriller
2005,Vaah! Life Ho Toh Aisi!,fantasy comedy
2005,Vidyaarthi,unknown
2005,Viruddh... Family Comes First,drama
2005,Waqt: The Race Against Time,drama
2005,Yahaan,romance
2005,Yakeen,drama
2005,Zameer: The Fire Within,drama
2005,Zeher,drama thriller
2006,36 China Town,mystery thriller
2006,Aap Ki Khatir,romance social comedy
2006,Aatma,horror
2006,Adharm,unknown
2006,Ahista Ahista,drama romance
2006,Aisa Kyon Hota Hai,drama
2006,Aksar,thriller
2006,Alag,drama
2006,Anjaan,unknown
2006,Ankahee,crime drama romance
2006,Anthony Kaun Hai?,comedy thriller
2006,Aparichit,thriller
2006,Apna Sapna Money Money,comedy
2006,Aryan - Unbreakable,sport action romance
2006,Baabul,family social drama romance
2006,Banaras: A Mystic Love Story,social drama
2006,Bas Ek Pal,unknown
2006,Being Cyrus,drama comedy
2006,Bhagam Bhag,musical comedy
2006,Bhoot Unkle,comedy
2006,Chand Ke Paar Chalo,unknown
2006,Chingaari,social drama
2006,Chup Chup Ke,romance comedy
2006,Corporate,business drama thriller
2006,Darna Zaroori Hai,horror
2006,Darwaaza Bandh Rakho,crime comedy
2006,Deadline: Sirf 24 Ghante,unknown
2006,Devaki,drama
2006,Dil Diya Hai,thriller
2006,Dharti Kahe Pukar Ke,drama
2006,Dhoom 2,musical action romance thriller
2006,Don: The Chase Begins Again,action drama thriller
2006,Dor,social drama
2006,Dulha Babu,unknown
2006,Eight: The Power of Shani,unknown
2006,Ek Main Ek Tum,unknown
2006,Family — Ties of Blood,drama thriller
2006,Fanaa,musical drama romance thriller
2006,Fight Club – Members Only,action thriller
2006,Gangster,musical drama romance thriller
2006,Golmaal: Fun Unlimited,comedy
2006,Haseena,comedy thriller
2006,Holiday,romance
2006,Humko Deewana Kar Gaye,musical drama romance
2006,Humko Tumse Pyaar Hai,drama romance
2006,Iqraar By Chance,action drama
2006,I See You,social drama romance
2006,Jaadu Sa Chal Gaya,unknown
2006,Jaana - Let's Fall In Love,unknown
2006,Jaan-E-Mann,comedy musical drama romance
2006,Jawani Diwani,adult comedy
2006,Jigyaasa,adult social
2006,Kabul Express,drama war thriller
2006,Kabhi Alvida Naa Kehna,social family comedy musical romance drama
2006,Khosla Ka Ghosla,comedy
2006,Krishna,unknown
2006,Krrish,fantasy musical action romance
2006,Lady Chatterjee - Sawan Dutta,unknown
2006,Lage Raho Munna Bhai,social comedy musical
2006,Love Ke Chakkar Mein,comedy romance
2006,Madhubaala,unknown
2006,Malamaal Weekly,comedy
2006,Mere Jeevan Saathi,drama romance
2006,Meri Jung,unknown
2006,Mirza Sahiba,unknown
2006,Mobile Phone,unknown
2006,Mr 100% - The Real Player,unknown
2006,Naksha,fantasy thriller
2006,Omkara,action social drama
2006,Phir Hera Pheri,comedy
2006,Prateeksha,unknown
2006,Pyaar Ke Side Effects,romance comedy
2006,Pyare Mohan,comedy
2006,Rafta Rafta,unknown
2006,Rang De Basanti,patriotic social drama
2006,Rehguzar - The Road to Destiny,unknown
2006,Rocky – The Rebel,action romance
2006,Saawan... The Love Season,drama romance
2006,Sacred Evil – A True Story,horror thriller
2006,Salaam Bacche,unknown
2006,Sandwich,comedy
2006,Shaadi Karke Phas Gaya Yaar,drama romance
2006,Shaadi Se Pehle,romance comedy
2006,Shikhar,drama
2006,Shiva,unknown
2006,Souten: The Other Woman,drama
2006,Strings - Bound By Faith,unknown
2006,Sun Zara,unknown
2006,Tathastu,family drama
2006,Taxi No. 9211,social thriller
2006,Teesri Aankh: The Hidden Camera,action thriller
2006,The Killer,unknown
2006,The Real Dream Girls,grade b
2006,Tom Dick And Harry,comedy
2006,Umar,unknown
2006,Umrao Jaan,social drama romance historical
2006,Unns...Means Love,unknown
2006,Utthaan,unknown
2006,Vivah,drama romance
2006,Waris Shah: Ishq Daa Waaris,unknown
2006,Woh Lamhe,social drama romance
2006,Yun Hota Toh Kya Hota,drama
2006,Zinda,thriller
2006,Zindaggi Rocks,drama
2007,1971,war
2007,50 Lakh,remake
2007,68 Pages,film short
2007,Aaja Nachle,musical
2007,Aap Ka Suroor - The Real Love Story,drama romance thriller
2007,Aggar,drama thriller
2007,Anjaam,thriller
2007,Anwar,drama
2007,Apna Asmaan,unknown
2007,Apne,sport family drama
2007,Aur Pappu Pass Ho Gaya,unknown
2007,Awarapan,action drama
2007,Benaam,action
2007,Bheja Fry,comedy
2007,Bhool Bhulaiyaa,mystery comedy thriller
2007,Bhram,thriller
2007,Big Brother,crime romance action drama
2007,Blood Brothers ,film short
2007,The Blue Umbrella,unknown
2007,Bombay to Goa ,comedy
2007,Buddha Mar Gaya,comedy
2007,Cash,thriller
2007,Chak De! India,sport
2007,Chanchal ,musical drama
2007,Cheeni Kum,comedy drama romance
2007,Chhodon Naa Yaar,horror
2007,Chooriyan,family drama
2007,Cocktail: The Deadly Combination,thriller
2007,Darling,mystery horror romance thriller
2007,Delhii Heights,unknown
2007,Dhamaal,comedy
2007,Dhan Dhana Dhan Goal,sport
2007,Dharm,unknown
2007,Dhokha,unknown
2007,Dhol,comedy
2007,Dil Dosti Etc ,unknown
2007,Don't Stop Dreaming ,drama
2007,Dus Kahaniyaan,drama
2007,Ek Chalis Ki Last Local,unknown
2007,Eklavya: The Royal Guard,drama
2007,Familywala,unknown
2007,Fool n Final,romance musical action comedy
2007,Gandhi  My Father,drama
2007,Gangotri,drama
2007,Gauri: The Unborn,horror
2007,Go,unknown
2007,Good Boy  Bad Boy,comedy
2007,Guru,drama romance
2007,Har Pal,romance
2007,Hastey Hastey,comedy
2007,Hattrick,comedy
2007,Heyy Babyy,romance drama comedy
2007,Honeymoon Travels Pvt. Ltd.,romance drama comedy
2007,Jab We Met,comedy romance
2007,Jahan Jaaeyega Hamen Paaeyega,comedy
2007,Jhoom Barabar Jhoom,comedy romance
2007,Johnny Gaddar,thriller
2007,Just Married,comedy social drama romance
2007,Kaafila,patriotic action
2007,Khoya Khoya Chand,drama romance
2007,Kudiyon Ka Hai Zamana,comedy
2007,Kya Love Story Hai,romance
2007,Laaga Chunari Mein Daag,drama
2007,Life in a Metro,drama
2007,Life Mein Kabhie Kabhiee,thriller
2007,Lions of Punjab Presents ,musical drama
2007,Manorama Six Feet Under,thriller
2007,Marigold,romance
2007,MP3: Mera Pehla Pehla Pyaar,romance
2007,Mumbai Salsa,unknown
2007,My Bollywood Bride,romance
2007,Namastey London,comedy social drama romance
2007,The Namesake,drama
2007,Nanhe Jaisalmer,drama
2007,Naqaab,thriller
2007,Nehlle Pe Dehlla,comedy
2007,Nishabd,drama
2007,No Smoking,drama thriller
2007,Oh My Anand,comedy
2007,Om Shanti Om,comedy drama action romance
2007,Partner,romance comedy
2007,Ram Gopal Varma Ki Aag,action thriller
2007,Raqeeb,romance
2007,Red: The Dark Side,thriller
2007,Red Swastik,thriller
2007,Risk,action drama
2007,Salaam-e-Ishq: A Tribute to Love,romance
2007,Saawariya,drama romance
2007,Sarhad Paar,patriotic
2007,Sambar Salsa,unknown
2007,Say Salaam India,cricket
2007,Shakalaka Boom Boom,social drama romance musical
2007,Shootout at Lokhandwala,crime action drama
2007,Showbiz,unknown
2007,Speed,thriller
2007,Strangers,unknown
2007,Sunglass,unknown
2007,Swami,drama
2007,Ta Ra Rum Pum,social drama romance
2007,Taare Zameen Par,drama
2007,Traffic Signal,drama
2007,The Train,unknown
2007,Victoria No. 203,comedy
2007,Welcome,comedy
2007,Yatra,unknown
2007,Zamaanat,drama
2008,Rama Rama Kya Hai Drama,comedy
2008,Humne Jeena Seekh Liya,comedy
2008,Halla Bol,social
2008,Bombay to Bangkok,romance drama comedy
2008,Tulsi,unknown
2008,Sunday,action comedy
2008,Superstar,drama
2008,Jodhaa Akbar,romance history
2008,Black and White,social drama history
2008,Race,crime thriller
2008,One Two Three,drama comedy
2008,Shaurya,drama
2008,Krazzy 4,comedy
2008,U Me Aur Hum,romance
2008,Sirf,drama romance
2008,Tashan,action romance
2008,Mr. White Mr. Black,comedy
2008,Anamika,thriller
2008,Jimmy,crime action thriller romance drama
2008,Bhoothnath,fantasy drama comedy
2008,Jannat,drama romance
2008,Don Muthu Swami,comedy
2008,Woodstock Villa,thriller
2008,Aamir,drama thriller
2008,Sarkar Raj,crime action drama thriller
2008,Mere Baap Pehle Aap,comedy
2008,Summer 2007,unknown
2008,De Taali,romance comedy
2008,Haal–e–dil,drama romance
2008,Thoda Pyaar Thoda Magic,fantasy drama romance
2008,Thodi Life Thoda Magic,drama
2008,Via Darjeeling,mystery drama thriller
2008,Jaane Tu... Ya Jaane Na,romance
2008,Love Story 2050,musical drama romance
2008,Mehbooba,romance
2008,Kismat Konnection,romance drama comedy
2008,Contract,spy thriller
2008,Mission Istaanbul,adventure
2008,Money Hai Toh Honey Hai,romance drama comedy
2008,Ugly Aur Pagli,comedy
2008,Good Luck!,unknown
2008,Singh Is Kinng,crime romance action comedy
2008,Bachna Ae Haseeno,romance drama comedy
2008,God Tussi Great Ho,romance comedy
2008,Phoonk,horror
2008,Mumbai Meri Jaan,unknown
2008,Maan Gaye Mughal-e-Azam,comedy
2008,Rock On!!,musical drama romance
2008,C Kkompany,comedy
2008,Chamku,musical romance thriller
2008,Mukhbiir,thriller
2008,A Wednesday!,drama thriller
2008,Tahaan,adventure drama
2008,1920,mystery horror romance thriller
2008,The Last Lear,biography drama
2008,Welcome to Sajjanpur,drama comedy
2008,Saas Bahu Aur Sensex,comedy
2008,Hari Puttar: A Comedy of Terrors,comedy
2008,Kidnap,crime thriller
2008,Drona,fantasy adventure action
2008,Hello,drama romance
2008,Karzzzz,action romance
2008,Heroes,drama
2008,Roadside Romeo,family animation romance
2008,Golmaal Returns,comedy
2008,Fashion,drama romance
2008,EMI - Liya Hai Toh Chukana Parega,social comedy
2008,Ek Vivaah... Aisa Bhi,drama
2008,Dostana,comedy
2008,Dasvidaniya,romance musical drama comedy
2008,Deshdrohi,politics
2008,Yuvvraaj,family musical drama romance
2008,Oye Lucky! Lucky Oye!,drama comedy
2008,Sorry Bhai!,romance
2008,Maharathi,thriller
2008,Dil Kabaddi,romance comedy
2008,Meerabai Not Out,drama
2008,Oh  My God,comedy
2008,Gumnaam – The Mystery,mystery thriller
2008,Rab Ne Bana Di Jodi,romance
2008,Wafaa,drama romance
2008,Ghajini,action thriller mystery romance drama
2008,Jumbo,animation
2009,Chandni Chowk to China,action comedy
2009,Aasma: The Sky Is the Limit,drama
2009,Raaz – The Mystery Continues,horror
2009,Luck by Chance,drama
2009,Victory,sport
2009,Dev.D,romance
2009,Chal Chala Chal,comedy
2009,Mere Khwabon Mein Jo Aaye,fantasy musical drama
2009,Billu,drama
2009,The Stoneman Murders,crime mystery drama
2009,Delhi-6,drama romance
2009,Kisse Pyaar Karoon,romance
2009,13B,horror
2009,Dhoondte Reh Jaaoge,comedy
2009,Karma Aur Holi,drama
2009,Jai Veeru,action comedy
2009,Little Zizou,comedy
2009,Gulaal,drama
2009,Aloo Chaat,comedy romantic
2009,Barah Aana,drama
2009,Firaaq,political
2009,Lottery,comedy
2009,Straight,comedy romantic
2009,Aa Dekhen Zara,action thriller
2009,99,comedy
2009,Ek: The Power of One,action thriller
2009,8 x 10 Tasveer,action thriller
2009,Ek Se Bure Do,comedy
2009,Pal Pal Dil Ke Saath,drama
2009,Coffee House,drama
2009,School Days,unknown
2009,Royal Utsav,historical drama
2009,Chowrasta Crossroads of Love,drama
2009,Meri Padosan,comedy
2009,Sikandar,social
2009,Sanam Teri Kasam,romance comedy
2009,Team - The Force,action
2009,Kal Kissne Dekha,comedy social drama romance
2009,Zor Lagaa Ke...Haiya!,unknown
2009,Let's Dance,romance
2009,Paying Guests,comedy
2009,New York,action romance thriller
2009,Kambakkht Ishq,romance action comedy
2009,Sankat City,dark comedy
2009,Shortkut,comedy
2009,Jashnn,musical
2009,Luck,action thriller
2009,Love Aaj Kal,romance
2009,Agyaat,horror
2009,Chal Chalein,social
2009,Teree Sang,drama
2009,Kaminey,drama
2009,Life Partner,romance comedy
2009,Daddy Cool,comedy
2009,Kisaan,social
2009,Love Khichdi,comedy
2009,Quick Gun Murugun,comedy
2009,Toss,thriller
2009,Yeh Mera India,social
2009,Three – Love  Lies and Betrayal,thriller
2009,Aagey Se Right,comedy
2009,Chintu Ji,comedy
2009,Fox,drama
2009,Aamras,drama
2009,Baabarr,action
2009,Phir Kabhi,drama
2009,Vaada Raha,romance
2009,Dil Bole Hadippa!,comedy sport romantic
2009,Wanted,action romance
2009,Blue Oranges,thriller
2009,What's Your Raashee?,comedy romantic
2009,Do Knot Disturb,romance comedy
2009,Wake Up Sid,comedy romantic
2009,Acid Factory,action
2009,All The Best: Fun Begins,comedy
2009,Blue,action
2009,Main Aurr Mrs Khanna,drama romance
2009,Bal Ganesh 2,animation
2009,Fruit and Nut,comedy
2009,Love Ka Tadka,comedy romantic
2009,London Dreams,musical drama romance social
2009,Aladin,fantasy
2009,Ajab Prem Ki Ghazab Kahani,romance comedy
2009,Jail,social
2009,Tum Mile,romance
2009,Aao Wish Karein,fantasy
2009,Kurbaan,romance thriller
2009,Shaabash! You Can Do It,social comedy thriller
2009,Marega Salaa,action
2009,De Dana Dan ,comedy
2009,Radio,musical
2009,Paa,family drama
2009,Rocket Singh: Salesman of the Year,comedy
2009,Raat Gayi Baat Gayi?,drama
2009,3 Idiots,comedy
2009,Accident on Hill Road,thriller
2010,Dulha Mil Gaya,comedy romantic
2010,Pyaar Impossible!,comedy romantic
2010,Chance Pe Dance,romance comedy
2010,Hello! Hum Lallan Bol Rahe Hain,comedy
2010,The Waiting Room,thriller
2010,Veer,epic film
2010,Ishqiya,crime romance comedy
2010,Rann,drama
2010,Road to Sangam,drama
2010,The Hangman,drama
2010,Striker,action
2010,My Name Is Khan,drama
2010,Sukhmani,drama
2010,Aakhari Decision,action
2010,Click,horror
2010,Toh Baat Pakki!,comedy
2010,Karthik Calling Karthik,thriller
2010,Teen Patti,drama thriller
2010,Atithi Tum Kab Jaoge?,comedy
2010,Hello Zindagi,drama
2010,Road  Movie,drama
2010,Rokkk,thriller
2010,Thanks Maa,drama
2010,Do Dilon Ke Khel Mein,comedy romantic
2010,Hide & Seek,thriller
2010,Na Ghar Ke Na Ghaat Ke,comedy
2010,Right Yaaa Wrong,action
2010,Trump Card,action thriller
2010,Idiot Box,drama
2010,Lahore,sport social
2010,Love Sex aur Dhokha,found footage
2010,Shaapit,horror
2010,Hum Tum Aur Ghost,comedy
2010,It's a Man's World,social
2010,Mittal v/s Mittal,romance
2010,My Friend Ganesha 3,animation
2010,Prem Kaa Game,comedy
2010,Well Done Abba,social
2010,Pankh,social
2010,Sadiyaan,romance
2010,Tum Milo Toh Sahi,social drama
2010,Jaane Kahan Se Aayi Hai,fantasy romance comedy
2010,Prince - It's Showtime,action thriller
2010,The Japanese Wife,romance
2010,Paathshaala,social
2010,Phoonk 2,horror
2010,Apartment,thriller
2010,Bird Idol,animation
2010,City of Gold,social
2010,Kuchh Kariye,unknown
2010,Muskurake Dekh Zara,comedy romantic
2010,Chase,action
2010,Housefull,comedy
2010,Badmaash Company,drama romance
2010,It's a Wonderful Afterlife,drama
2010,Admissions Open,drama
2010,Bumm Bumm Bole,child drama
2010,Kushti,romance comedy
2010,Kites,romance thriller
2010,Raajneeti,drama political thriller
2010,Ek Second... Jo Zindagi Badal De?,thriller
2010,Raavan,action romance
2010,Krantiveer - The Revolution,action
2010,Mr. Singh / Mrs. Mehta,drama
2010,I Hate Luv Storys,romance
2010,Milenge Milenge,romance
2010,Red Alert: The War Within,action
2010,Lamhaa,action
2010,Tere Bin Laden,comedy
2010,Udaan,drama
2010,Khatta Meetha,romance drama comedy
2010,Once Upon a Time in Mumbaai,crime action romance thriller
2010,Aisha,romance
2010,Help,horror
2010,Peepli Live,comedy political
2010,Lafangey Parindey,romance
2010,Mr. Bhatti on Chutti,comedy
2010,Hello Darling,comedy
2010,Antardwand,crime
2010,Life Express,family drama
2010,Aashayein,drama
2010,Soch Lo,mystery suspense
2010,We Are Family,drama romance
2010,Mallika,horror
2010,The Film Emotional Atyachar,drama
2010,Dabangg,action
2010,Robot,science fiction
2010,Anjaana Anjaani,romance
2010,Khichdi: The Movie,comedy
2010,Crook,thriller
2010,Do Dooni Chaar,comedy
2010,Aakrosh,thriller
2010,Knock Out,action
2010,Kajraare,romance
2010,Ramayana: The Epic,animation
2010,Hisss,horror thriller
2010,Jhootha Hi Sahi,romance
2010,Rakta Charitra - I,biographical
2010,Dunno Y... Na Jaane Kyon,romance
2010,Maalik Ek,biographical animation
2010,Nakshatra,romance
2010,Golmaal 3,comedy
2010,Action Replayy,comedy
2010,A Flat,thriller
2010,Ramaa: The Saviour,adventure action
2010,Guzaarish,romance
2010,"Shahrukh Bola ""Khoobsurat Hai Tu""",thriller
2010,Diwangi Ne Had Kar Di,romance thriller
2010,Allah Ke Banday,thriller
2010,Bhindi Baazaar Inc.,crime suspense thriller
2010,Break Ke Baad,romance
2010,Khuda Kasam,action
2010,Khelein Hum Jee Jaan Sey,period
2010,Phas Gaye Re Obama,crime comedy
2010,Rakta Charitra - II,biographical
2010,Band Baaja Baaraat,drama romance
2010,No Problem,comedy
2010,332 Mumbai To India,thriller
2010,Payback,thriller
2010,Kaalo,horror
2010,Mirch,drama
2010,Tees Maar Khan,action comedy
2010,Isi Life Mein,drama
2010,Toonpur Ka Super Hero,animated
2010,Tera Kya Hoga Johnny,thriller
2010,Ada... A Way of Life,drama
2011,No One Killed Jessica,social thriller
2011,Impatient Vivek,adult romance comedy
2011,Yamla Pagla Deewana,action drama comedy
2011,Turning 30!!!,comedy adult romance
2011,Mumbai Mast Kallander,comedy
2011,Odyssey of Persistence,social
2011,Dhobi Ghat,drama
2011,Hostel,social
2011,Dil Toh Baccha Hai Ji,comedy
2011,Yeh Saali Zindagi,cult
2011,United Six,action thriller
2011,Utt Pataang,comedy
2011,Patiala House,family drama
2011,Angel,drama
2011,Aashiqui.in,romance
2011,7 Khoon Maaf,black comedy thriller
2011,Kaccha Limbo,child
2011,Masti Express,comedy
2011,Tanu Weds Manu,drama romance
2011,Satrangee Parachute,family
2011,Yeh Faasley,drama
2011,Happy Husbands,comedy
2011,Monica,drama
2011,Game,mystery action
2011,F.A.L.T.U,teen satire comedy film
2011,Memories in March,drama
2011,Thank You,comedy
2011,Teen Thay Bhai,drama
2011,Dum Maaro Dum,thriller
2011,Zokkomon,child
2011,Shor in the City,cult drama
2011,Chalo Dilli,movie road comedy
2011,I Am,social drama
2011,Naughty @ 40,comedy
2011,Luv Ka The End,comedy teen
2011,Haunted – 3D,horror
2011,Love U...Mr. Kalakaar!,comedy romance
2011,Ragini MMS,horror romance
2011,Shagird,action drama
2011,Stanley Ka Dabba,child
2011,404,psychological thriller
2011,Pyar ka Punchnama,comedy romance
2011,Kucch Luv Jaisaa,drama comedy
2011,Ready,comedy
2011,Shaitan,drama thriller
2011,Bheja Fry 2,comedy
2011,Always Kabhi Kabhi,teen romance
2011,Bhindi Baazaar Inc.,thriller
2011,Bin Bulaye Baraati,crime
2011,Double Dhamaal,comedy
2011,Bbuddah... Hoga Terra Baap,action comedy
2011,Delhi Belly,adult comedy
2011,Murder 2,psychological thriller
2011,Chillar Party,child
2011,Zindagi Na Milegi Dobara,road romance
2011,Singham,action
2011,Khap,social
2011,Gandhi to Hitler,biographical
2011,Bubble Gum,drama
2011,Chala Mussaddi... Office Office,social comedy
2011,I Am Kalam,drama
2011,Milta Hai Chance By Chance,romance comedy
2011,Warning,horror
2011,Aarakshan,social
2011,Phhir,thriller
2011,Chatur Singh Two Star,comedy
2011,Not a Love Story,crime
2011,Sahi Dhandhe Galat Bande,comedy
2011,Chitkabrey – Shades of Grey,social
2011,Shabri,action
2011,Yeh Dooriyan,romance
2011,Bodyguard,action romance
2011,Mummy Punjabi,comedy
2011,That Girl in Yellow Boots,social
2011,Mere Brother Ki Dulhan,comedy romance
2011,Rivaaz,social
2011,Mausam,romance
2011,Speedy Singhs,drama
2011,U R My Jaan,romance
2011,Force,action romance
2011,Hum Tum Shabana,comedy romance
2011,Saheb Biwi Aur Gangster,action thriller
2011,Tere Mere Phere,comedy romantic
2011,Chargesheet,drama thriller
2011,Na Jaane Kabse hum hi,romance
2011,Rascals,action comedy
2011,Love Breakups Zindagi,romantic
2011,Mujhse Fraaandship Karoge,romance comedy
2011,My Friend Pinto,comedy crime romance
2011,Aazaan,action thriller
2011,Ra.One,sci fi
2011,Tell Me O Kkhuda,drama
2011,Damadamm!,comedy
2011,Loot,comedy
2011,Miley Naa Miley Hum,drama romance
2011,Rockstar,drama romance
2011,Shakal Pe Mat Ja,comedy
2011,Desi Boyz,comedy
2011,The Dirty Picture,drama
2011,Ladies vs Ricky Bahl,comedy
2011,Jo Hum Chahein,drama romance
2011,Don 2: The Chase Continues,action thriller
2012,Players,action thriller
2012,Chaalis Chauraasi 4084,crime comedy
2012,Ghost,adult horror
2012,Sadda Adda,comedy
2012,Agneepath,action drama
2012,Gali Gali Chor Hai,drama
2012,Staying Alive,social
2012,Love You To Death,comedy
2012,Ek Main Aur Ekk Tu,comedy romance
2012,Valentine's Night,adult romance thriller
2012,Ekk Deewana Tha,romance
2012,?: A Question Mark,adult horror
2012,Married 2 America,drama
2012,Jodi Breakers,romance
2012,Tere Naal Love Ho Gaya,comedy romance
2012,London  Paris  New York,romance
2012,Paan Singh Tomar,crime
2012,Will You Marry Me?,romance
2012,Kahaani,drama thriller
2012,Chaar Din Ki Chandni,comedy
2012,Say Yes to Love,romance
2012,Akkad Bakkkad Bam Be Bo,romance
2012,Zindagi Tere Naam,romance
2012,Agent Vinod,suspense thriller
2012,Blood Money,thriller
2012,Bumboo,comedy
2012,Housefull 2,action comedy
2012,Bittoo Boss,comedy
2012,Chhodo Kal Ki Baatein,comedy
2012,Ab Hoga Dharna Unlimited,drama
2012,Vicky Donor,comedy
2012,Hate Story,adult thriller
2012,Tezz,action
2012,Life Ki Toh Lag Gayi,comedy
2012,Jannat 2,crime thriller
2012,Fatso!,comedy
2012,The Forest,horror
2012,Love  Lies & Seetha,comedy
2012,Dangerous Ishq,romance thriller
2012,Ishaqzaade,romance
2012,Department,adult action crime
2012,Chhota Bheem And The Curse Of Damyaan,animation
2012,Mr. Bhatti on Chutti,comedy film
2012,Arjun: The Warrior Prince,computer animated
2012,MLA,crime
2012,Rakhtbeej,comedy romantic
2012,Yeh Khula Aasmaan,romantic
2012,Love  Wrinkle-free,adult romantic
2012,Rowdy Rathore,action comedy
2012,Shanghai,political thriller
2012,Ferrari Ki Sawaari,drama comedy
2012,Qasam Se Qasam Se,romance
2012,Teri Meri Kahaani,comedy romance
2012,Gangs of Wasseypur,adult thriller crime
2012,Maximum,thriller
2012,Bol Bachchan,action comedy
2012,3 Bachelors,comedy
2012,Cocktail,romance
2012,Gattu,child
2012,Challo Driver,comedy
2012,Mere Dost Picture Abhi Baki Hai,comedy
2012,Kyaa Super Kool Hai Hum,adult comedy
2012,Aalaap,social
2012,Overtime,drama
2012,Jism 2,adult thriller
2012,Krishna Aur Kans ,computer animated
2012,Gangs of Wasseypur – Part 2,adult thriller crime
2012,Paanch Ghantey Mien Paanch Crore,thriller
2012,Ek Tha Tiger,action romance
2012,Shirin Farhad Ki Toh Nikal Padi,comedy romance
2012,Joker,drama
2012,Jalpari: The Desert Mermaid,social thriller
2012,From Sydney with Love,romantic
2012,I M 24,comedy
2012,Raaz 3,adult suspense thriller
2012,Chal Pichchur Banate Hain,comedy
2012,Barfi!,comedy romance
2012,Jeena Hai Toh Thok Daal,drama
2012,Heroine,adult drama
2012,Kamaal Dhamaal Malamaal,comedy
2012,Oh My God,comedy
2012,English Vinglish,drama
2012,Kismet Love Paisa Dilli,comedy
2012,Aiyyaa,com rom
2012,Makkhi,fantasy action
2012,Login,drama thriller
2012,Chittagong,drama
2012,Bhoot Returns,horror
2012,Student of the Year,comedy romance
2012,Delhi Safari,computer animated
2012,Chakravyuh,political thriller
2012,Ajab Gazabb Love,comedy
2012,Rush,crime thriller
2012,Luv Shuv Tey Chicken Khurana,comedy
2012,1920: The Evil Returns,horror
2012,Ata Pata Laapata,musical comedy
2012,Sons Of Ram,child animation drama
2012,Future To Bright Hai Ji,drama
2012,Jab Tak Hai Jaan,drama romance
2012,Son Of Sardaar,comedy
2012,Talaash,suspense drama
2012,Khiladi 786,action comedy
2012,Cigarette Ki Tarah,drama thriller
2012,Dabangg 2,action comedy
2013,Table No. 21,drama thriller
2013,Dehraadun Diary,thriller
2013,Meri Shadi Karao,comedy
2013,Matru Ki Bijlee Ka Mandola,comedy
2013,Pyaar Mein Aisa Hota Hai,thriller
2013,Gangoobai,drama
2013,Inkaar,crime romance
2013,Mumbai Mirror,action
2013,Bandook,crime
2013,Race 2,action thriller
2013,Akaash Vani,romance
2013,Main Krishna Hoon,musical animation
2013,David,crime
2013,Vishwaroop,action
2013,Mai...,family drama
2013,Listen... Amaya,drama
2013,Special 26,drama comedy
2013,The Unsound,thriller
2013,Jayantabhai Ki Luv Story,romance comedy
2013,Murder 3,thriller
2013,Kai Po Che!,drama
2013,Zilla Ghaziabad,action
2013,I  Me  aur Main,comedy romantic
2013,Bloody Isshq,romance thriller
2013,Saheb  Biwi Aur Gangster Returns,drama thriller
2013,Saare Jahaan Se Mehnga,satire comedy
2013,3G,thriller
2013,Mere Dad Ki Maruti,comedy
2013,Jolly LLB,satire comedy
2013,Rangrezz,action
2013,Himmatwala,action comedy
2013,Chashme Baddoor,comedy
2013,Nautanki Saala,romance comedy
2013,Commando-A One Man Army,action romance
2013,Ek Thi Daayan,horror
2013,Aashiqui 2,musical romance
2013,Shree,thriller
2013,Shootout at Wadala,crime thriller
2013,Bombay Talkies,anthology
2013,Chhota Bheem And The Throne of Bali,child animation
2013,Go Goa Gone,zombie comedy
2013,Gippi,coming of age
2013,Aurangzeb,action drama
2013,I Don't Luv U,drama romantic
2013,Beehad - The Ravines,drama
2013,Ishkq in Paris,romance
2013,Hum Hai Raahi CAR Ke,comedy romantic
2013,Zindagi 50-50,social
2013,Yeh Jawaani Hai Deewani,comedy romantic
2013,Yamla Pagla Deewana 2,action comedy
2013,Fukrey,comedy
2013,Ankur Arora Murder Case,thriller
2013,Raanjhanaa,romance
2013,Enemmy,action
2013,Romeo,romantic thriller
2013,Ghanchakkar,comedy thriller
2013,Lootera,romance thriller
2013,Policegiri,action
2013,Bhaag Milkha Bhaag,biopic
2013,Sixteen,drama
2013,B.A. Pass,drama
2013,Boyss Toh Boyss Hain,comedy
2013,Ramaiya Vastavaiya,com rom
2013,D Day,action drama
2013,Ship of Theseus,avant garde
2013,Issaq,drama romance
2013,Bajatey Raho,comedy
2013,Luv U Soniyo,romance
2013,Nasha,erotic thriller
2013,Rabba Main Kya Karoon,comedy
2013,Chor Chor Super Chor,comedy
2013,Calapor,drama thriller
2013,Love in Bombay,romance
2013,Chennai Express,action comedy
2013,Once Upon Ay Time In Mumbai Dobaara!,crime romance
2013,Madras Cafe,espionage drama thriller
2013,Satyagraha,political thriller
2013,Zanjeer,action thriller
2013,Shuddh Desi Romance,romance
2013,Siddharth,drama
2013,Grand Masti,adult comedy
2013,John Day,thriller
2013,Horror Story,horror
2013,Phata Poster Nikla Hero,com rom action
2013,The Lunchbox,drama
2013,Warning,thriller
2013,Maazii,suspense thriller
2013,Prague,psychological romance thriller
2013,Super Model,drama
2013,War Chhod Na Yaar,comedy war
2013,Baat Ban Gayi,comedy
2013,Pazhassi Raja,fiction historical
2013,Ek Thee Sanam,drama
2013,Paapi - Ek Satya Katha,crime
2013,Boss,masala
2013,Shahid,biography drama
2013,Wake Up India,drama political
2013,Amdavad Junction,crime drama
2013,Dilli Gang,crime
2013,Mickey Virus,comedy thriller
2013,Ishk Actually,romance
2013,Sooper Se Ooper,comedy
2013,Krrish 3,superhero
2013,Satya 2,crime
2013,Rajjo,romance
2013,Goliyon Ki Rasleela Ram-Leela,drama romance
2013,Gori Tere Pyaar Mein,comedy romance
2013,Singh Saab The Great,action
2013,Bullett Raja,crime romance comedy
2013,R... Rajkumar,action romance
2013,Jackpot,comedy thriller
2013,What the Fish,drama
2013,Dhoom 3,action
2014,Mr Joe B. Carvalho,comedy
2014,Sholay 3D,adventure action
2014,Dedh Ishqiya,black comedy thriller
2014,Yaariyan,romance
2014,Karle Pyaar Karle,romance
2014,Miss Lovely,drama
2014,Om-Dar-Ba-Dar,experimental
2014,Paranthe Wali Gali,comedy romantic
2014,Strings Of Passion,drama
2014,Jai Ho,action comedy
2014,One by Two,comedy romance
2014,Babloo Happy Hai,comedy
2014,Hasee Toh Phasee,comedy romance
2014,Heartless,thriller
2014,Ya Rab,social drama
2014,Gunday,action
2014,Kaho Na Kaho,social
2014,Darr @ the Mall,horror
2014,Dee Saturday Night,drama
2014,Gulabi Gang (film),documentary
2014,Highway,drama romance
2014,Karar: The Deal,thriller
2014,Pyar Ka Live Show,drama
2014,The Dark Secrets Of Tonhi,action drama
2014,Anuradha,drama
2014,Shaadi Ke Side Effects,comedy romance
2014,Gulaab Gang,social action
2014,Queen,drama romance
2014,Total Siyapaa,drama comedy
2014,Bewakoofiyaan,romance
2014,Neighbours: They Are Vampires,horror
2014,W,thriller
2014,Ankhon Dekhi,comedy
2014,Gang of Ghosts,horror comedy
2014,Lakshmi,drama
2014,Ragini MMS 2,adult horror
2014,Dishkiyaoon,action
2014,O Teri,comedy
2014,Station: The Film,thriller
2014,Youngistaan,drama
2014,Ebn-E-Batuta,sci fi comedy
2014,Honour Killing,social
2014,Jal,fantasy drama
2014,Main Tera Hero,comedy
2014,Bhoothnath Returns,fantasy child
2014,2 States,romance
2014,Dekh Tamasha Dekh,comedy
2014,Lucky Kabootar,comedy romance
2014,Kaanchi...,musical drama
2014,Revolver Rani,drama
2014,Samrat & Co.,mystery drama thriller
2014,Purani Jeans,drama romance
2014,Kya Dilli Kya Lahore,social
2014,Angry Young Man,action
2014,Kahin Hai Mera Pyar,romance
2014,Hawaa Hawaai,drama
2014,Khwaabb,drama romance
2014,Koyelaanchal,action
2014,Manjunath,drama
2014,Mastram,adult
2014,Yeh Hai Bakrapur,comedy
2014,The Xposé,thriller
2014,Children of War,drama
2014,M3 - Midsummer Midnight Mumbai,mystery
2014,Heropanti,action romance
2014,Kochadaiiyaan,action
2014,City Lights,drama
2014,Kuku Mathur Ki Jhand Ho Gayi,comedy
2014,Filmistaan,comedy
2014,Holiday,action thriller
2014,Fugly,drama comedy
2014,Machhli Jal Ki Rani Hai,horror
2014,Humshakals,romance drama comedy
2014,Ek Villain,romance thriller
2014,Bobby Jasoos,drama comedy
2014,Lekar Hum Deewana Dil,comedy romance
2014,Humpty Sharma Ki Dulhania,comedy romance
2014,Hate Story 2,thriller
2014,Bazaar-E-Husn,drama
2014,Riyasat,action drama
2014,Amit Sahni Ki List,comedy romance
2014,Pizza,horror
2014,Kick,action comedy
2014,Entertainment,comedy
2014,Singham Returns,action
2014,Life is Beautiful!,romance
2014,Mad About Dance,dance
2014,Mardaani,action drama
2014,Mumbhai Connection,comedy
2014,Abhinay Chakra,action comedy
2014,Raja Natwarlal,thriller
2014,Mary Kom,drama
2014,Creature,horror
2014,Finding Fanny,drama comedy
2014,Daawat-E-Ishq,drama comedy
2014,Khoobsurat,comedy romance
2014,3 A.M.,horror
2014,Chaarfutiya Chhokare,thriller
2014,Desi Kattey,action drama
2014,Meinu Ek Ladki Chaahiye,social satire
2014,Balwinder Singh Famous Ho Gaya,comedy
2014,Bang Bang!,action
2014,Haider,drama
2014,Jigariyaa,romance
2014,Ekkees Toppon Ki Salaami,satire political
2014,Tamanchey,crime romance
2014,Mumbai 125 KM 3D,horror
2014,Sonali Cable,drama comedy
2014,Happy New Year,action comedy
2014,Mumbai Can Dance Saala,drama
2014,Fireflies,drama
2014,Roar - Tigers of Sunderbans,action drama
2014,Super Nani,drama
2014,Chaar Sahibzaade,historical animation
2014,Rang Rasiya,drama
2014,A Decent Arrangement,drama
2014,The Shaukeens,comedy
2014,6 - 5 = 2,found horror footage
2014,Kill Dil,drama romance
2014,Golu Aur Pappu,comedy
2014,Happy Ending,comedy romance
2014,Titoo MBA,comedy romance
2014,Wah Taj,drama
2014,Hum Hai Teen Khurafaati,comedy
2014,Ungli,drama
2014,Zed Plus,drama
2014,Zid,erotica thriller
2014,Action Jackson,comedy
2014,Bhopal: A Prayer for Rain,drama
2014,Mumbai Delhi Mumbai,drama
2014,Sulemani Keeda,social drama
2014,Take It Easy,drama
2014,Badlapur Boys,sport
2014,Life Mein Twist Hai,drama romance
2014,LUV...Phir Kabhie,drama
2014,Main Aur Mr. Riight,romance comedy
2014,Objection My God,comedy
2014,Room - The Mystery,suspense thriller
2014,PK,drama comedy
2014,Lingaa,action thriller
2014,Ugly,thriller
2015,International Hero,drama
2015,Mumbai Can Dance Saala,thriller
2015,Take It Easy,drama
2015,Tevar,action romance
2015,Alone,horror
2015,Crazy Cukkad Family,comedy
2015,Sharafat Gayi Tel Lene,comedy thriller
2015,Baby,thriller
2015,Dolly Ki Doli,comedy romantic
2015,Chal Guru Ho Ja Shuru,comedy
2015,Hawaizaada,drama
2015,Khamoshiyan: Silences Have Secrets,horror
2015,Rahasya,mystery
2015,Jai Jawaan Jai Kisaan,drama
2015,Shamitabh,drama
2015,MSG: The Messenger,action drama
2015,Roy,romance thriller
2015,Badlapur,action thriller
2015,Qissa,historical drama
2015,Ab Tak Chhappan 2,crime drama
2015,Dum Laga Ke Haisha,comedy
2015,Badmashiyaan,comedy romantic
2015,Coffee Bloom,drama romance
2015,Dirty Politics,drama political
2015,Hey Bro,comedy
2015,NH10,thriller
2015,Dilliwali Zaalim Girlfriend,comedy
2015,Hunterrr,comedy
2015,Barkhaa,romance
2015,Detective Byomkesh Bakshy,thriller
2015,Paisa Ho Paisa,comedy
2015,Luckhnowi Ishq,romance
2015,Dharam Sankat Mein,drama
2015,Ek Paheli Leela,musical
2015,Court,drama
2015,Margarita with a Straw,drama
2015,Mr. X,sci fi thriller
2015,NH-8 Road to Nidhivan,horror
2015,Ek Adbhut Dakshina Guru Dakshina,drama dance
2015,Ishq Ke Parindey,romance
2015,Kaagaz Ke Fools,comedy
2015,Gabbar is Back,crime action
2015,Sabki Bajegi Band,drama thriller
2015,Kuch Kuch Locha Hai,comedy
2015,Piku,drama comedy
2015,Bombay Velvet,crime drama
2015,Main Hoon Rajinikanth,spoof comedy thriller
2015,Tanu Weds Manu Returns,comedy romance
2015,I Love Desi,comedy
2015,Ishqedarriyaan,drama
2015,P Se PM Tak,comedy
2015,Welcome 2 Karachi,comedy
2015,Dil Dhadakne Do,drama
2015,Mere Genie Uncle 3D,drama
2015,Hamari Adhuri Kahani,drama romance
2015,ABCD 2,dance
2015,Miss Tanakpur Haazir Ho ,drama comedy
2015,Uvaa,social comedy
2015,Bezubaan Ishq,romance
2015,Guddu Rangeela,comedy
2015,Second Hand Husband,drama
2015,Baahubali,action
2015,I Love NY,drama romance
2015,Thoda Lutf Thoda Ishq,drama romance
2015,Bajrangi Bhaijaan,drama action comedy
2015,Aisa Yeh Jahaan,drama
2015,Masaan,drama
2015,Drishyam,drama thriller
2015,Bangistan,comedy
2015,All Is Well,drama
2015,Brothers,drama
2015,Gour Hari Dastaan,drama
2015,Manjhi - The Mountain Man,drama
2015,Rolling Dream,drama
2015,Kaun Kitney Paani Mein,social drama
2015,Phantom,action thriller
2015,Welcome Back,comedy romance
2015,Hero,action romance
2015,Sorry Daddy,action drama
2015,Katti Batti,comedy romance
2015,Meeruthiya Gangster,crime comedy
2015,MSG-2:The Messenger,action thriller
2015,Kis Kisko Pyaar Karoon,comedy
2015,Calendar Girls,drama
2015,Bhaag Johnny,drama
2015,Time Out,drama
2015,Singh Is Bliing,comedy
2015,Talvar,thriller
2015,Jazbaa,action drama
2015,Bumper Draw,comedy
2015,Chinar Daastaan-E-Ishq,drama romantic
2015,Pyaar Ka Punchnama 2,comedy
2015,Wedding Pullav,comedy
2015,Shaandaar,comedy romance
2015,Titli,crime
2015,Main Aur Charles,thriller
2015,Once Upon A Time In Bihar,political
2015,Guddu Ki Gun,comedy
2015,Love Exchange,romance
2015,Prithipal Singh... A Story,biopic
2015,Four Pillars of Basement,thriller
2015,Charlie Kay Chakkar Mein,crime thriller
2015,Yaara Silly Silly,romance
2015,Ranbanka,action
2015,Prem Ratan Dhan Payo,romance
2015,X,anthology
2015,Angry Indian Goddesses,drama
2015,Tamasha,romance
2015,Hate Story 3,adult thriller
2015,Kajarya,drama
2015,The Silent Heroes,adventure
2015,Bajirao Mastani,romance
2015,Dilwale,action romance
2016,Monsoon Shootout,neo noir
2016,Wazir,thriller
2016,Chalk n Duster,drama
2016,Rebellious Flower,biopic
2016,Airlift,war thriller
2016,Jugni,musical drama
2016,Kyaa Kool Hain Hum 3,adult comedy
2016,Saala Khadoos,sport
2016,Mastizaade,adult comedy
2016,Sanam Teri Kasam,romance
2016,Ghayal Once Again,action drama
2016,Fitoor,drama romance
2016,Sanam Re,romance
2016,Direct Ishq,drama
2016,Ishq Forever,drama
2016,LoveShhuda,romance
2016,Neerja,biopic drama
2016,Dhara 302,action drama
2016,Aligarh,biopic drama
2016,Bollywood Diaries,drama
2016,Love Shagun,comedy romance
2016,Tere Bin Laden: Dead or Alive,comedy
2016,Zubaan,drama
2016,Jai Gangaajal,action drama
2016,Global Baba,satire
2016,Teraa Surroor,action romance thriller
2016,OK Mein Dhokhe,drama thriller
2016,Kapoor & Sons,drama comedy
2016,Rocky Handsome,action
2016,Ki & Ka,comedy romance
2016,Love Games,thriller
2016,The Blueberry Hunt,thriller
2016,Fan,action drama thriller
2016,Nil Battey Sannata,drama comedy
2016,Laal Rang,action
2016,Santa Banta Pvt Ltd,comedy
2016,Baaghi,action
2016,Shortcut Safari ,adventure drama
2016,One Night Stand,thriller
2016,Traffic,thriller
2016,1920 London,horror
2016,Azhar,biopic
2016,Buddha in a Traffic Jam,drama political
2016,Khel Toh Ab Shuru Hoga,action
2016,Dear Dad,drama
2016,Kaptaan,comedy
2016,Sarbjit,biopic
2016,Phobia,thriller
2016,Veerappan,action
2016,Fredrick,psychological action thriller
2016,Waiting,drama
2016,Housefull 3,comedy
2016,Do Lafzon Ki Kahani,romantic
2016,Dhanak,drama
2016,Te3n,thriller
2016,Udta Punjab,crime
2016,Luv U Alia,romance
2016,Raman Raghav 2.0,crime thriller
2016,Junooniyat,romance
2016,7 Hours To Go,crime thriller
2016,A Scandall,adult
2016,Rough Book,drama
2016,Shorgul,drama political
2016,Dil Toh Deewana Hai,romance comedy
2016,Sultan,sport drama
2016,Brahman Naman,comedy
2016,Great Grand Masti,comedy
2016,Madaari,drama
2016,Ishq Click,drama romance
2016,M Cream,road movie
2016,Kabali,action
2016,Dishoom,action
2016,Love Ke Funday,comedy
2016,The Legend of Michael Mishra,drama romance
2016,Fever,thriller
2016,Hai Apna Dil Toh Awara,romance comedy
2016,Mohenjo Daro,drama
2016,Rustom,romance thriller
2016,Happy Bhaag Jayegi,comedy
2016,Waarrior Savitri,action
2016,A Flying Jatt,action comedy
2016,Akira,action drama
2016,Yea Toh Two Much Ho Gayaa,action drama
2016,Island City,drama
2016,Baar Baar Dekho,drama romance
2016,Freaky Ali,comedy sport romantic
2016,Ek Kahani Julie Ki,thriller
2016,Raaz Reboot,horror
2016,Pink,drama
2016,Parched,drama
2016,Banjo,drama comedy
2016,Days of Tafree,comedy
2016,Wah Taj,satirical
2016,M.S. Dhoni: The Untold Story,sport biopic
2016,Mirzya,drama romance
2016,MSG: The Warrior Lion Heart,adventure drama
2016,Tutak Tutak Tutiya,comedy supernatural
2016,Anna ,biographical
2016,Motu Patlu: King Of Kings,animation adventure action comedy
2016,Beiimaan Love,thriller
2016,Saat Uchakkey,comedy
2016,Fuddu,drama
2016,Aakhir Kab Tak,social drama
2016,Ek Tera Saath,supernatural thriller
2016,Umrika,drama
2016,31st October,drama thriller
2016,Shivaay,action drama
2016,Ae Dil Hai Mushkil,drama romance
2016,Chaar Sahibzaade: Rise of Banda Singh Bahadur,animation action drama
2016,Dongri Ka Raja,action thriller
2016,Ishq Junoon,erotic romantic
2016,Rock On 2,drama
2016,Tum Bin 2,romance
2016,Force 2,action
2016,Dear Zindagi,drama
2016,Saansein,horror romantic
2016,Moh Maya Money,crime drama
2016,Kahaani 2,thriller
2016,Befikre,romance
2016,Wajah Tum Ho,drama romance
2016,Dangal,biopic
2017,Haraamkhor,crime comedy
2017,Ok Jaanu,drama romance
2017,Coffee with D,crime comedy
2017,Kaabil,action thriller
2017,Raees,crime action
2017,Jolly LLB 2,drama
2017,Hind Ka Napak Ko Jawab: MSG Lion Heart 2,action drama
2017,Runningshaadi.com,comedy
2017,The Ghazi Attack,action
2017,Irada,drama thriller
2017,Chauhar,romance
2017,Rangoon,drama war
2017,Wedding Anniversary,romance thriller
2017,Mona Darling,thriller
2017,Commando 2,action
2017,Jeena Isi Ka Naam Hai,drama romance
2017,Badrinath Ki Dulhania,comedy romance
2017,Aa Gaya Hero,action comedy
2017,Trapped,thriller
2017,Machine,romance thriller
2017,Phillauri,comedy romance
2017,Bhanwarey,comedy
2017,Anaarkali of Aarah,drama
2017,Naam Shabana,action thriller
2017,Poorna: Courage Has No Limit,adventure
2017,Laali Ki Shaadi Mein Laaddoo Deewana,drama comedy
2017,Mirza Juuliet,drama comedy
2017,Mukti Bhawan,drama
2017,Saanjh,drama
2017,Begum Jaan,period drama
2017,Romeo-N-Bullet,romance
2017,Noor,drama comedy
2017,Ek Thi Rani Aisi Bhi,biopic
2017,Maatr,drama thriller
2017,Ajab Singh Ki Gajab Kahani,drama thriller
2017,Mantostaan,anthology drama
2017,Meri Pyaari Bindu,romance
2017,Sarkar 3,crime political thriller
2017,Half Girlfriend,drama romance
2017,Jattu Engineer,comedy
2017,Hindi Medium,drama comedy
2017,Chakallaspur,drama romance
2017,Sachin: A Billion Dreams,biopic
2017,Thodi Thodi Si Manmaaniyan,romance
2017,A Death in the Gunj,crime drama
2017,Hanuman: Da' Damdaar,animation
2017,Sweetiee Weds NRI,comedy romance
2017,Dobaara: See Your Evil,horror
2017,Flat 211,mystery suspense
2017,Dear Maya,drama thriller
2017,Raabta,romance thriller
2017,Behen Hogi Teri,comedy romance
2017,Bachche Kachche Sachche,child drama
2017,Love You Family,drama
2017,G Kutta Se,drama
2017,Bank Chor,comedy thriller
2017,Tubelight,action drama
2017,Ek Haseena Thi Ek Deewana Tha,romance
2017,Mom,drama thriller
2017,Guest Iin London,comedy
2017,Jagga Jasoos,romance comedy
2017,Shab,drama
2017,Lipstick Under My Burkha,sex drama
2017,Munna Michael,action romance
2017,Raag Desh : Birth Of A Nation,action period drama
2017,Indu Sarkar,drama
2017,Mubarakan,romance comedy
2017,Gurgaon,neo noir
2017,Jab Harry Met Sejal,romance
2017,Toilet: Ek Prem Katha,drama comedy
2017,Yeh Hai India,patriotic drama
2017,Partition: 1947,drama
2017,Bareilly Ki Barfi,romance comedy
2017,A Gentleman,action romance
2017,Babumoshai Bandookbaaz,action
2017,Yadvi – The Dignified Princess,drama
2017,Qaidi Band,musical drama
2017,Baadshaho,crime action thriller
2017,Shubh Mangal Savdhan,drama comedy
2017,Poster Boys,comedy
2017,Daddy,crime drama
2017,Simran,drama
2017,Lucknow Central,drama
2017,Patel Ki Punjabi Shaadi,drama comedy
2017,Newton,dark comedy
2017,Bhoomi,action drama
2017,The Final Exit,horror
2017,JD,drama thriller
2017,Haseena Parkar,biographic
2017,Judwaa 2,action comedy
2017,Deepak,comedy romantic
2017,Chef,comedy
2017,Babu Ji Ek Ticket Bambai,social drama
2017,Mein Terrorist Nahi Hoon,action
2017,Ranchi Diaries,drama thriller
2017,Secret Superstar,musical drama
2017,Golmaal Again,comedy
2017,Jia aur Jia,road film
2017,Rukh,drama
2017,Ittefaq,thriller
2017,The House Next Door,horror
2017,Ribbon,drama
2017,Shaadi Mein Zaroor Aana,drama romance
2017,Qarib Qarib Singlle,comedy romance
2017,The Window,suspense thriller
2017,Aksar 2,thriller
2017,Panchlait,comedy romantic
2017,Tumhari Sulu,social comedy
2017,Dil Jo Na Keh Saka,drama romantic
2017,Julie 2,erotic thriller
2017,Ajji,drama
2017,Kadvi Hawa,disaster drama
2017,Saankal,drama
2017,Tera Intezaar,romantic thriller
2017,Firangi,comedy
2017,Fukrey Returns,comedy
2017,Game Over,suspense thriller
2017,Sallu ki Shaadi,drama comedy
2017,Monsoon Shootout,crime thriller
2017,Tiger Zinda Hai,action drama
